problem_id,title,prompt_file,solution_A,solution_B,solution_C,status
1,Sum of Two Integers,problem_001_prompt.txt,,,,Generated
2,Area of a Circle,problem_002_prompt.txt,,,,Generated
3,Largest of Two Numbers,problem_003_prompt.txt,,,,Generated
4,Print Numbers from 1 to N,problem_004_prompt.txt,,,,Generated
5,Factorial of a Number,problem_005_prompt.txt,,,,Generated
6,Prime Number Check,problem_006_prompt.txt,,,,Generated
7,Largest Element in a List,problem_007_prompt.txt,,,,Generated
8,Count Vowels in a String,problem_008_prompt.txt,,,,Generated
9,Word Frequency Counter,problem_009_prompt.txt,,,,Generated
10,Fibonacci Using Recursion,problem_010_prompt.txt,,,,Generated
